GENERO,PRIMER_NOMBRE,SEGUNDO_NOMBRE,PRIMER_APELLIDO,SEGUNDO_APELLIDO,FECHA_NACIMIENTO,CORREO,correo_original,numero_pasaporte,ruta_foto,imagen_usada,pasaporte_visual,estado,motivo_no_generado,meta_total_registros,meta_timestamp
,,,,,,,,,,,,,,50,20251006_055358
F,Lidia,,Teletor,,1982-03-13,l1d14_t3l3t0r_13@outlook.com,l1d14_t3l3t0r_13@outlook.com,145092728,/media/warcklian/DATA_500GB/CODE/SISTEMA_GAFETES_FINAL/DATA/Imagenes_Mujeres/massive_venezuelan_mujer_47_2289_20251003_085239.png,/media/warcklian/DATA_500GB/CODE/SISTEMA_GAFETES_FINAL/DATA/Imagenes_Mujeres/massive_venezuelan_mujer_47_2289_20251003_085239.png,/media/warcklian/DATA_500GB/CODE/SISTEMA_GAFETES_FINAL/OUTPUT/pasaportes_visuales/l1d14_t3l3t0r_13@outlook.com.png,generado,,,
F,Mahalah,,Roca,Royo,1989-07-24,m4h4l4h_r0y0_24@hotmail.com,m4h4l4h_r0y0_24@hotmail.com,184002735,/media/warcklian/DATA_500GB/CODE/SISTEMA_GAFETES_FINAL/DATA/Imagenes_Mujeres/massive_venezuelan_mujer_22_33_20251003_204848.png,/media/warcklian/DATA_500GB/CODE/SISTEMA_GAFETES_FINAL/DATA/Imagenes_Mujeres/massive_venezuelan_mujer_22_33_20251003_204848.png,/media/warcklian/DATA_500GB/CODE/SISTEMA_GAFETES_FINAL/OUTPUT/pasaportes_visuales/m4h4l4h_r0y0_24@hotmail.com.png,generado,,,
F,Yun,,Liang,,1988-04-19,yun_l14n9_19@outlook.com,yun_l14n9_19@outlook.com,102697077,/media/warcklian/DATA_500GB/CODE/SISTEMA_GAFETES_FINAL/DATA/Imagenes_Mujeres/massive_venezuelan_mujer_19_476_20251003_162443.png,/media/warcklian/DATA_500GB/CODE/SISTEMA_GAFETES_FINAL/DATA/Imagenes_Mujeres/massive_venezuelan_mujer_19_476_20251003_162443.png,/media/warcklian/DATA_500GB/CODE/SISTEMA_GAFETES_FINAL/OUTPUT/pasaportes_visuales/yun_l14n9_19@outlook.com.png,generado,,,
F,Amparo,,Lambis,,1992-04-04,amp4r0_l4mb15_04@hotmail.com,amp4r0_l4mb15_04@hotmail.com,139200102,/media/warcklian/DATA_500GB/CODE/SISTEMA_GAFETES_FINAL/DATA/Imagenes_Mujeres/massive_venezuelan_mujer_20_3431_20251003_085239.png,/media/warcklian/DATA_500GB/CODE/SISTEMA_GAFETES_FINAL/DATA/Imagenes_Mujeres/massive_venezuelan_mujer_20_3431_20251003_085239.png,/media/warcklian/DATA_500GB/CODE/SISTEMA_GAFETES_FINAL/OUTPUT/pasaportes_visuales/amp4r0_l4mb15_04@hotmail.com.png,generado,,,
F,Amparo,,Sandoval,,1994-12-10,amp4r0_s4nd0v4l_12@outlook.com,amp4r0_s4nd0v4l_12@outlook.com,139208253,/media/warcklian/DATA_500GB/CODE/SISTEMA_GAFETES_FINAL/DATA/Imagenes_Mujeres/massive_venezuelan_mujer_20_205_20251003_204848.png,/media/warcklian/DATA_500GB/CODE/SISTEMA_GAFETES_FINAL/DATA/Imagenes_Mujeres/massive_venezuelan_mujer_20_205_20251003_204848.png,/media/warcklian/DATA_500GB/CODE/SISTEMA_GAFETES_FINAL/OUTPUT/pasaportes_visuales/amp4r0_s4nd0v4l_12@outlook.com.png,generado,,,
F,Melina,Abagail,Fiore,,1995-12-09,m3l1n4_f10r3_12@hotmail.com,m3l1n4_f10r3_12@hotmail.com,113399572,/media/warcklian/DATA_500GB/CODE/SISTEMA_GAFETES_FINAL/DATA/Imagenes_Mujeres/massive_venezuelan_mujer_50_2779_20251003_162443.png,/media/warcklian/DATA_500GB/CODE/SISTEMA_GAFETES_FINAL/DATA/Imagenes_Mujeres/massive_venezuelan_mujer_50_2779_20251003_162443.png,/media/warcklian/DATA_500GB/CODE/SISTEMA_GAFETES_FINAL/OUTPUT/pasaportes_visuales/m3l1n4_f10r3_12@hotmail.com.png,generado,,,
F,Meryame,,Blas,,1999-01-26,m3ry4m3_bl45_26@outlook.com,m3ry4m3_bl45_26@outlook.com,153286668,/media/warcklian/DATA_500GB/CODE/SISTEMA_GAFETES_FINAL/DATA/Imagenes_Mujeres/massive_venezuelan_mujer_21_4799_20251003_085239.png,/media/warcklian/DATA_500GB/CODE/SISTEMA_GAFETES_FINAL/DATA/Imagenes_Mujeres/massive_venezuelan_mujer_21_4799_20251003_085239.png,/media/warcklian/DATA_500GB/CODE/SISTEMA_GAFETES_FINAL/OUTPUT/pasaportes_visuales/m3ry4m3_bl45_26@outlook.com.png,generado,,,
F,Monica,,Magunagoikoetxea,,1997-09-23,m0n1c4_m49un4901k03tx34_23@hotmail.com,m0n1c4_m49un4901k03tx34_23@hotmail.com,144501005,/media/warcklian/DATA_500GB/CODE/SISTEMA_GAFETES_FINAL/DATA/Imagenes_Mujeres/massive_venezuelan_mujer_47_3490_20251003_085239.png,/media/warcklian/DATA_500GB/CODE/SISTEMA_GAFETES_FINAL/DATA/Imagenes_Mujeres/massive_venezuelan_mujer_47_3490_20251003_085239.png,/media/warcklian/DATA_500GB/CODE/SISTEMA_GAFETES_FINAL/OUTPUT/pasaportes_visuales/m0n1c4_m49un4901k03tx34_23@hotmail.com.png,generado,,,
F,Ana,,Pascacio,,1971-09-19,an4_p45c4c10_19@outlook.com,an4_p45c4c10_19@outlook.com,115809451,/media/warcklian/DATA_500GB/CODE/SISTEMA_GAFETES_FINAL/DATA/Imagenes_Mujeres/massive_venezuelan_mujer_47_464_20251003_085239.png,/media/warcklian/DATA_500GB/CODE/SISTEMA_GAFETES_FINAL/DATA/Imagenes_Mujeres/massive_venezuelan_mujer_47_464_20251003_085239.png,/media/warcklian/DATA_500GB/CODE/SISTEMA_GAFETES_FINAL/OUTPUT/pasaportes_visuales/an4_p45c4c10_19@outlook.com.png,generado,,,
F,Felipa,,Baca,,1981-07-06,f3l1p4_b4c4_07@hotmail.com,f3l1p4_b4c4_07@hotmail.com,180519273,/media/warcklian/DATA_500GB/CODE/SISTEMA_GAFETES_FINAL/DATA/Imagenes_Mujeres/massive_venezuelan_mujer_21_2262_20251003_085239.png,/media/warcklian/DATA_500GB/CODE/SISTEMA_GAFETES_FINAL/DATA/Imagenes_Mujeres/massive_venezuelan_mujer_21_2262_20251003_085239.png,/media/warcklian/DATA_500GB/CODE/SISTEMA_GAFETES_FINAL/OUTPUT/pasaportes_visuales/f3l1p4_b4c4_07@hotmail.com.png,generado,,,
F,Marisol,,Pavon,,1981-09-29,m4r150l_p4v0n_29@outlook.com,m4r150l_p4v0n_29@outlook.com,120350152,/media/warcklian/DATA_500GB/CODE/SISTEMA_GAFETES_FINAL/DATA/Imagenes_Mujeres/massive_venezuelan_mujer_19_1790_20251003_085239.png,/media/warcklian/DATA_500GB/CODE/SISTEMA_GAFETES_FINAL/DATA/Imagenes_Mujeres/massive_venezuelan_mujer_19_1790_20251003_085239.png,/media/warcklian/DATA_500GB/CODE/SISTEMA_GAFETES_FINAL/OUTPUT/pasaportes_visuales/m4r150l_p4v0n_29@outlook.com.png,generado,,,
F,Merary,,Romero,,1995-01-26,m3r4ry_r0m3r0_26@hotmail.com,m3r4ry_r0m3r0_26@hotmail.com,120863081,/media/warcklian/DATA_500GB/CODE/SISTEMA_GAFETES_FINAL/DATA/Imagenes_Mujeres/massive_venezuelan_mujer_46_4285_20251003_085239.png,/media/warcklian/DATA_500GB/CODE/SISTEMA_GAFETES_FINAL/DATA/Imagenes_Mujeres/massive_venezuelan_mujer_46_4285_20251003_085239.png,/media/warcklian/DATA_500GB/CODE/SISTEMA_GAFETES_FINAL/OUTPUT/pasaportes_visuales/m3r4ry_r0m3r0_26@hotmail.com.png,generado,,,
F,Ana,,Gomez,,1980-09-02,an4_g0m3z_09@outlook.com,an4_g0m3z_09@outlook.com,140786465,,,,omitido,Sin imagen adecuada (edad 45),,
F,Sandra,,Ortiz,,1998-12-12,s4ndr4_ort1z_12@hotmail.com,s4ndr4_ort1z_12@hotmail.com,150946488,,,,omitido,Sin imagen adecuada (edad 26),,
F,Georgeta,,Moreno,,1988-04-27,g30r93t4_m0r3n0_27@outlook.com,g30r93t4_m0r3n0_27@outlook.com,135180850,,,,omitido,Sin imagen adecuada (edad 37),,
F,Milanny,,Ribas,Rubio,1981-01-08,m1l4nny_rub10_01@hotmail.com,m1l4nny_rub10_01@hotmail.com,195328377,,,,omitido,Sin imagen adecuada (edad 44),,
F,Gema,,Myskiv,,1996-05-18,g3m4_my5k1v_18@outlook.com,g3m4_my5k1v_18@outlook.com,117634910,,,,omitido,Sin imagen adecuada (edad 29),,
F,Caylin,Kennedi,Pate,,1993-01-02,c4yl1n_p4t3_01@hotmail.com,c4yl1n_p4t3_01@hotmail.com,145520191,,,,omitido,Sin imagen adecuada (edad 32),,
F,Sara,,Real,,1979-08-18,s4r4_r34l_18@hotmail.com,s4r4_r34l_18@hotmail.com,171563385,,,,omitido,Sin imagen adecuada (edad 46),,
F,Maria,Dolores,Gonzalez,Moreno,1997-10-24,m4r14_m0r3n0_24@outlook.com,m4r14_m0r3n0_24@outlook.com,184592038,,,,omitido,Sin imagen adecuada (edad 27),,
F,Milena,,Leon,Redondo,1966-02-20,m1l3n4_r3d0nd0_20@hotmail.com,m1l3n4_r3d0nd0_20@hotmail.com,190108299,,,,omitido,Sin imagen adecuada (edad 59),,
F,Amaia,,Feizan,Diaz,1996-08-13,am414_d14z_13@outlook.com,am414_d14z_13@outlook.com,160568911,,,,omitido,Sin imagen adecuada (edad 29),,
F,Ana,,Espino,,1994-02-28,an4_e5p1n0_28@hotmail.com,an4_e5p1n0_28@hotmail.com,123009466,,,,omitido,Sin imagen adecuada (edad 31),,
F,Epifania,,Emerson,,1987-08-22,ep1f4n14_em3r50n_22@outlook.com,ep1f4n14_em3r50n_22@outlook.com,174871881,,,,omitido,Sin imagen adecuada (edad 38),,
F,Sophia,Shelly,Caballero,,1996-08-19,s0ph14_c4b4ll3r0_19@outlook.com,s0ph14_c4b4ll3r0_19@outlook.com,143301139,,,,omitido,Sin imagen adecuada (edad 29),,
F,Micaela,,Arribas,Gutierrez,1979-08-28,m1c43l4_gut13rr3z_28@hotmail.com,m1c43l4_gut13rr3z_28@hotmail.com,139031027,,,,omitido,Sin imagen adecuada (edad 46),,
F,Raina,Desiree,Henson,,1995-02-13,r41n4_h3n50n_13@outlook.com,r41n4_h3n50n_13@outlook.com,178380484,,,,omitido,Sin imagen adecuada (edad 30),,
F,Merida,Maria,Pieto,Alfonsin,1999-04-07,m3r1d4_alf0n51n_04@hotmail.com,m3r1d4_alf0n51n_04@hotmail.com,192606790,,,,omitido,Sin imagen adecuada (edad 26),,
F,Jeanett,,Lombardo,,1991-02-27,j34n3tt_l0mb4rd0_27@outlook.com,j34n3tt_l0mb4rd0_27@outlook.com,131540817,,,,omitido,Sin imagen adecuada (edad 34),,
F,Linda,,Shah,,1995-06-08,l1nd4_sh4h_06@hotmail.com,l1nd4_sh4h_06@hotmail.com,136729964,,,,omitido,Sin imagen adecuada (edad 30),,
F,Litzy,,Deniz,Sanz,1985-10-05,l1tzy_s4nz_10@hotmail.com,l1tzy_s4nz_10@hotmail.com,163794168,,,,omitido,Sin imagen adecuada (edad 40),,
F,Sonya,Shana,Corbett,,1999-06-21,s0ny4_c0rb3tt_21@outlook.com,s0ny4_c0rb3tt_21@outlook.com,140178907,,,,omitido,Sin imagen adecuada (edad 26),,
F,Veronica,,Gil,,1994-09-26,v3r0n1c4_g1l_26@outlook.com,v3r0n1c4_g1l_26@outlook.com,194541992,,,,omitido,Sin imagen adecuada (edad 31),,
F,Regina,Jasmine,Schwartz,,1996-01-13,r391n4_schw4rtz_13@hotmail.com,r391n4_schw4rtz_13@hotmail.com,110013456,,,,omitido,Sin imagen adecuada (edad 29),,
F,Janeth,,Mazuelo,,1992-09-18,j4n3th_m4zu3l0_18@hotmail.com,j4n3th_m4zu3l0_18@hotmail.com,152162519,,,,omitido,Sin imagen adecuada (edad 33),,
F,Fannia,,Gonzalez,Jastero,1993-11-10,f4nn14_j45t3r0_11@outlook.com,f4nn14_j45t3r0_11@outlook.com,196922959,,,,omitido,Sin imagen adecuada (edad 31),,
F,Sondous,,Ahsen,,1986-11-22,s0nd0u5_ah53n_22@hotmail.com,s0nd0u5_ah53n_22@hotmail.com,116890897,,,,omitido,Sin imagen adecuada (edad 38),,
F,Dorina,Felisa,Carmona,,1995-01-10,d0r1n4_c4rm0n4_01@hotmail.com,d0r1n4_c4rm0n4_01@hotmail.com,195463320,,,,omitido,Sin imagen adecuada (edad 30),,
F,Lucia,,Larion,,1996-01-22,luc14_l4r10n_22@outlook.com,luc14_l4r10n_22@outlook.com,164803638,,,,omitido,Sin imagen adecuada (edad 29),,
F,Leondrea,,Soto,,1999-05-01,l30ndr34_s0t0_05@hotmail.com,l30ndr34_s0t0_05@hotmail.com,181281636,,,,omitido,Sin imagen adecuada (edad 26),,
F,Nolberta,,Popovic,,1998-01-25,n0lb3rt4_p0p0v1c_25@outlook.com,n0lb3rt4_p0p0v1c_25@outlook.com,163007049,,,,omitido,Sin imagen adecuada (edad 27),,
F,Evangeline,,Pindado,,1998-11-08,ev4n93l1n3_p1nd4d0_11@hotmail.com,ev4n93l1n3_p1nd4d0_11@hotmail.com,112271069,,,,omitido,Sin imagen adecuada (edad 26),,
F,Evelyn,,Rodriguez,,1998-10-01,ev3lyn_r0dr19u3z_10@hotmail.com,ev3lyn_r0dr19u3z_10@hotmail.com,183330961,,,,omitido,Sin imagen adecuada (edad 27),,
F,Victoria,,Muntala,,1988-06-19,v1ct0r14_munt4l4_19@outlook.com,v1ct0r14_munt4l4_19@outlook.com,138438910,,,,omitido,Sin imagen adecuada (edad 37),,
F,Fermina,,Loaisa,,1989-12-24,f3rm1n4_l04154_24@hotmail.com,f3rm1n4_l04154_24@hotmail.com,119942894,,,,omitido,Sin imagen adecuada (edad 35),,
F,Oumy,,Cosentino,,1999-02-10,oumy_c053nt1n0_02@hotmail.com,oumy_c053nt1n0_02@hotmail.com,104802470,,,,omitido,Sin imagen adecuada (edad 26),,
F,Maximina,Medina,Lopez,,1996-07-17,m4x1m1n4_l0p3z_17@outlook.com,m4x1m1n4_l0p3z_17@outlook.com,162270234,,,,omitido,Sin imagen adecuada (edad 29),,
F,Evelina,,Garrido,,1987-09-25,ev3l1n4_g4rr1d0_25@hotmail.com,ev3l1n4_g4rr1d0_25@hotmail.com,178081804,,,,omitido,Sin imagen adecuada (edad 38),,
F,Ana,,Bendaif,,1996-01-03,an4_b3nd41f_01@outlook.com,an4_b3nd41f_01@outlook.com,109451825,,,,omitido,Sin imagen adecuada (edad 29),,
F,Irlene,,Rodriguez,,1996-07-14,irl3n3_r0dr19u3z_14@outlook.com,irl3n3_r0dr19u3z_14@outlook.com,117362943,,,,omitido,Sin imagen adecuada (edad 29),,
